,Image Path
178,https://s3.amazonaws.com/img.streeteasy.com/nyc/attachments/17203826/large/327cbe71fc7849169902cdeb0976bbcba04caa6b.jpg
179,https://cdn.houseplansservices.com/product/6o37duns19j1ppo9vbtvh06vcs/w600.jpg?v=11
180,https://s3.amazonaws.com/img.streeteasy.com/nyc/attachments/17888437/large/6c4209f8eea03e6f34ce06b4e407d506ca2de96f.jpg
181,https://s3.amazonaws.com/img.streeteasy.com/nyc/attachments/17924279/large/2fd2ba27d8fd1b541933c330f5f20488d38abf4f.jpg
182,https://s3.amazonaws.com/img.streeteasy.com/nyc/attachments/17924281/large/dcb4d539f0867f2bfd6c2cf4b2710a1c82780133.jpg
183,https://s3.amazonaws.com/img.streeteasy.com/nyc/attachments/19399638/large/a216878128f1fcad7765c46a0a2aa1bca9b6bfdb.jpg
184,https://s3.amazonaws.com/img.streeteasy.com/nyc/attachments/23207082/large/c7d00810e96ba3e19fe4d45039a80871bc691047.jpg
185,https://s3.amazonaws.com/img.streeteasy.com/nyc/attachments/26100910/large/b61425c87c710aba561d4146b630e96bf891142c.jpg
186,https://s3.amazonaws.com/img.streeteasy.com/nyc/attachments/27566370/large/95b9504c7aff04d7c3058cf88e336275e7cdcae0.jpg
187,https://s3.amazonaws.com/img.streeteasy.com/nyc/attachments/27778374/large/5cf59e1b3945167ec3ed344a945962c7f9963e56.jpg
188,https://s3.amazonaws.com/img.streeteasy.com/nyc/attachments/27831302/large/0e8732d70cdd377aad942367e558f7cf14e1733f.jpg
189,https://s3.amazonaws.com/img.streeteasy.com/nyc/attachments/28337452/large/aee8a927ae947adb214cc59d4a905bb00e6c2390.jpg
190,https://s3.amazonaws.com/img.streeteasy.com/nyc/attachments/28351707/large/50041a60a9160a0f0bd3c857fb896b3dc1d3042a.jpg
191,https://s3.amazonaws.com/img.streeteasy.com/nyc/attachments/28609791/large/3b20f89bc34c99c831de4d482429935560c9e008.jpg
192,https://s3.amazonaws.com/img.streeteasy.com/nyc/attachments/28670100/large/3c54c864b49c3d3e3a19716d90ac077b5c574622.jpg
193,https://s3.amazonaws.com/img.streeteasy.com/nyc/attachments/28678189/large/68356de8fff2af65ffc285fa4ec793ac0fdee91d.jpg
194,https://s3.amazonaws.com/img.streeteasy.com/nyc/attachments/28786585/large/e4d32ea99dfc22e549bae2e7432f251794682147.jpg
195,https://s3.amazonaws.com/img.streeteasy.com/nyc/attachments/28931488/large/a8883fe5d5689197f9392dbbe09fbe34351a936d.jpg
196,https://s3.amazonaws.com/img.streeteasy.com/nyc/attachments/28931492/large/31efded8fbb5bcd3eea8b21da545f9f1edf92eb6.jpg
197,https://s3.amazonaws.com/img.streeteasy.com/nyc/attachments/29033788/large/cd53239f5575570f9d46ede7c57c63229bea1d3d.jpg
198,https://s3.amazonaws.com/img.streeteasy.com/nyc/attachments/29052679/large/51a39df731c7b2f959993a07e8be76cb0a8cff9e.jpg
199,https://s3.amazonaws.com/img.streeteasy.com/nyc/attachments/29109028/large/c6f623632cb8e410578aab909b625ad855baa2b7.jpg
200,https://s3.amazonaws.com/img.streeteasy.com/nyc/attachments/29119924/large/92fa17ca47c67637db5bbac995cf34b79e8a92cf.jpg
201,https://s3.amazonaws.com/img.streeteasy.com/nyc/attachments/29214001/large/3110737ec911e6712b3e1d802c9de614a5563efa.jpg
202,https://s3.amazonaws.com/img.streeteasy.com/nyc/attachments/29215277/large/d3e4e7c06743fb395495525ca3a63e61f4e06b07.jpg
203,https://s3.amazonaws.com/img.streeteasy.com/nyc/attachments/29232958/large/d4c4c9777b03a9640776ca807446c5d49fb5c94f.jpg
204,https://s3.amazonaws.com/img.streeteasy.com/nyc/attachments/29238423/large/f33e1ebb8ec6b2aff0fb9686fffc280fef13f5c6.jpg
205,https://s3.amazonaws.com/img.streeteasy.com/nyc/attachments/29239522/large/03707550698098f7660b2672d21efa96699dccfd.jpg
206,https://s3.amazonaws.com/img.streeteasy.com/nyc/attachments/29241363/large/bf4f04ca3dbbe1b3b356f0d5694459db58232ce4.jpg
207,https://s3.amazonaws.com/img.streeteasy.com/nyc/attachments/29241393/large/7111095b2b90ab3a004d183bed3a425c6556bc47.jpg
208,https://s3.amazonaws.com/img.streeteasy.com/nyc/attachments/29241934/large/1fb88aed398d9cd91c8dfbaa80e4aa6c34645de0.jpg
209,https://cdn.houseplansservices.com/product/39sm4cl5jdgo9ue89nca9an69n/w600.jpg?v=12
210,https://cdn.houseplansservices.com/product/3okdj56kt0gpdol2qdcecqer7c/w600.jpg?v=10
211,https://cdn.houseplansservices.com/product/5ietvph8n5dmpt39b9o5opnm0g/w600.jpg?v=11
212,https://cdn.houseplansservices.com/product/6o37duns19j1ppo9vbtvh06vcs/w600.jpg?v=11
213,https://cdn.houseplansservices.com/product/7bupaj7uq7uchv8ef7v7ktqqh9/w600.jpg?v=23
214,https://cdn.houseplansservices.com/product/8frlrj1gjl5hic15ga2ver16gj/w600.jpg?v=18
215,https://cdn.houseplansservices.com/product/8gicrusa1mdb3gfmtu0fl31v4r/w600.jpg?v=15
216,https://cdn.houseplansservices.com/product/dcfuc3nht3psnnditp92b4u6lq/w600.jpg?v=10
217,https://cdn.houseplansservices.com/product/fjoo88bq14r13a60lrmc3n3036/w600.jpg?v=10
218,https://cdn.houseplansservices.com/product/hjca6l491e5jtss4a5ivl6e0cl/w600.jpg?v=7
219,https://cdn.houseplansservices.com/product/kfrji9qk23mlt5nk97sa6nsrtp/w600.jpg?v=10
220,https://cdn.houseplansservices.com/product/m29k5mpimrnim78qott6ngf8fq/w600.jpg?v=8
221,https://cdn.houseplansservices.com/product/qe22u0uu1u2hpb40jqtagaep70/w600.jpg?v=11
222,https://cdn.houseplansservices.com/product/ri0hbn8ojb32elhfav5hi2844u/w600.jpg?v=2
223,https://s3.amazonaws.com/img.streeteasy.com/nyc/attachments/27677793/large/225a88110b7520b9efda6936c73632a5270fb455.jpg
224,https://s3.amazonaws.com/img.streeteasy.com/nyc/attachments/26626595/large/d8abcdbe3e2243c1ff052c51f017956c58174268.jpg
225,https://s3.amazonaws.com/img.streeteasy.com/nyc/attachments/29179593/large/3b0c2a680d233f961acd16ee14f2d6518b5f3796.jpg
226,https://s3.amazonaws.com/img.streeteasy.com/nyc/attachments/24838350/large/e0804d69dfd2a22a236fe365a72e1b714b50016f.jpg
227,https://s3.amazonaws.com/img.streeteasy.com/nyc/attachments/28863585/large/9a882e8b5ee6f2dc50627a35eb4ca8be37cbef69.jpg
228,https://s3.amazonaws.com/img.streeteasy.com/nyc/attachments/28451826/large/c36ecb3a88cbc58e9c7eabd862653f42df4f6744.jpg
229,https://s3.amazonaws.com/img.streeteasy.com/nyc/attachments/28504223/large/1906cf9bc07c8fb02260154be00c368555701861.jpg
230,https://s3.amazonaws.com/img.streeteasy.com/nyc/attachments/28599011/large/2e6fb92fdb1a09c603fd8c481d886725eaeeca5b.jpg
231,https://s3.amazonaws.com/img.streeteasy.com/nyc/attachments/27190340/large/db0ebd8871952edfd3f93f7c74a5167239e79eb8.jpg
233,https://s3.amazonaws.com/img.streeteasy.com/nyc/attachments/28958239/large/465dcb2fa8c05bf25c7f2243fe15cf3f2e46be02.jpg
234,https://s3.amazonaws.com/img.streeteasy.com/nyc/attachments/26484389/large/e7ba15e1944e3d0cc71fa0493ea0e8d48121a8da.jpg
235,https://s3.amazonaws.com/img.streeteasy.com/nyc/attachments/29016790/large/2d2a4955960705ad3433ee117eb6587c6155be91.jpg
236,https://s3.amazonaws.com/img.streeteasy.com/nyc/attachments/28233981/large/a34c1188aea0761e758d5165583ab66316ed040c.jpg
237,https://s3.amazonaws.com/img.streeteasy.com/nyc/attachments/29257982/large/6801a63ccf281b1e3ef4b8a4a779a3b4b0e765d0.jpg
238,https://s3.amazonaws.com/img.streeteasy.com/nyc/attachments/29258455/large/a3fd4a9cf024edd8bc140d4fec9af2099556d706.jpg
239,https://s3.amazonaws.com/img.streeteasy.com/nyc/attachments/29252225/large/5096470ece3a27a828b0a636930a1eb71cdf3af6.jpg
277,https://s3.amazonaws.com/img.streeteasy.com/nyc/attachments/27178251/large/1a4bac1816b93f24b2b215504a6fd9ecd76ea739.jpg
278,https://s3.amazonaws.com/img.streeteasy.com/nyc/attachments/28252796/large/07ae9551abc2a6c8d67d04bbefaf0752f71d2df5.jpg
279,https://s3.amazonaws.com/img.streeteasy.com/nyc/attachments/28931489/large/923b91e3e0f34a377399084c981a76c05875cd4a.jpg
280,https://s3.amazonaws.com/img.streeteasy.com/nyc/attachments/28651659/large/93c07e2a8fae0eb702d9b1eef0410ed6a2c35bf9.jpg
281,https://s3.amazonaws.com/img.streeteasy.com/nyc/attachments/28081778/large/7183d3b293d9cbf851cf98ea9bdba59c2fd744ea.jpg
282,https://s3.amazonaws.com/img.streeteasy.com/nyc/attachments/28997692/large/dda3a49ec7ea67ef40d25dd0a99ff73491258298.jpg
283,https://s3.amazonaws.com/img.streeteasy.com/nyc/attachments/27334654/large/93feac4246bd6851496a224e2dd436325a349bb1.jpg
285,https://s3.amazonaws.com/img.streeteasy.com/nyc/attachments/27446180/large/f44ba6547f73d30a4445aecf10fd9aca47e87fb3.jpg
286,https://s3.amazonaws.com/img.streeteasy.com/nyc/attachments/28398436/large/2fe2f30f752bfdf3b300836ef0598b535e36f489.jpg
